<?xml version="1.0" encoding="UTF-8" standalone="yes"?>
<transcription>
    <fileName>SA1.WAV</fileName>
    <words>
        <word>she</word>
        <uncertainty>0.9980017671365689</uncertainty>
        <timeStart>120</timeStart>
        <timeEnd>350</timeEnd>
        <confidence>0.9980017671365689</confidence>
    </words>
    <words>
        <word>had</word>
        <uncertainty>0.9968047446773605</uncertainty>
        <timeStart>360</timeStart>
        <timeEnd>570</timeEnd>
        <confidence>0.9968047446773605</confidence>
    </words>
    <words>
        <word>your</word>
        <uncertainty>0.9968047446773605</uncertainty>
        <timeStart>580</timeStart>
        <timeEnd>680</timeEnd>
        <confidence>0.9968047446773605</confidence>
    </words>
    <words>
        <word>dark</word>
        <uncertainty>0.9968047446773605</uncertainty>
        <timeStart>690</timeStart>
        <timeEnd>940</timeEnd>
        <confidence>0.9968047446773605</confidence>
    </words>
    <words>
        <word>say</word>
        <uncertainty>0.9794124654239986</uncertainty>
        <timeStart>950</timeStart>
        <timeEnd>1290</timeEnd>
        <confidence>0.9794124654239986</confidence>
    </words>
    <words>
        <word>[sil]</word>
        <uncertainty>0.9778464771571926</uncertainty>
        <timeStart>1300</timeStart>
        <timeEnd>1380</timeEnd>
        <confidence>0.9778464771571926</confidence>
    </words>
    <words>
        <word>in</word>
        <uncertainty>0.985701538379964</uncertainty>
        <timeStart>1390</timeStart>
        <timeEnd>1520</timeEnd>
        <confidence>0.985701538379964</confidence>
    </words>
    <words>
        <word>greasy</word>
        <uncertainty>0.985701538379964</uncertainty>
        <timeStart>1530</timeStart>
        <timeEnd>1860</timeEnd>
        <confidence>0.985701538379964</confidence>
    </words>
    <words>
        <word>was</word>
        <uncertainty>0.99521094756275</uncertainty>
        <timeStart>1870</timeStart>
        <timeEnd>2150</timeEnd>
        <confidence>0.99521094756275</confidence>
    </words>
    <words>
        <word>why</word>
        <uncertainty>0.9960075272077142</uncertainty>
        <timeStart>2160</timeStart>
        <timeEnd>2320</timeEnd>
        <confidence>0.9960075272077142</confidence>
    </words>
    <words>
        <word>are</word>
        <uncertainty>0.9960075272077142</uncertainty>
        <timeStart>2330</timeStart>
        <timeEnd>2470</timeEnd>
        <confidence>0.9960075272077142</confidence>
    </words>
    <words>
        <word>all</word>
        <uncertainty>0.9976026000180382</uncertainty>
        <timeStart>2480</timeStart>
        <timeEnd>2630</timeEnd>
        <confidence>0.9976026000180382</confidence>
    </words>
    <words>
        <word>year</word>
        <uncertainty>0.9974030763327945</uncertainty>
        <timeStart>2640</timeStart>
        <timeEnd>3020</timeEnd>
        <confidence>0.9974030763327945</confidence>
    </words>
</transcription>
